ID,Tipo,SKU,Nome,Publicado,"Em destaque?","Visibilidade no catálogo","Descrição curta",Descrição,"Data de preço promocional começa em","Data de preço promocional termina em","Status do imposto","Classe de imposto","Em estoque?",Estoque,"Quantidade baixa de estoque","São permitidas encomendas?","Vendido individualmente?","Peso (g)","Comprimento (cm)","Largura (cm)","Altura (cm)","Permitir avaliações de clientes?","Nota da compra","Preço promocional",Preço,Categorias,Tags,"Classe de entrega",Imagens,"Limite de downloads","Dias para expirar o download",Ascendente,"Grupo de produtos",Upsells,"Venda cruzada","URL externa","Texto do botão",Posição,"Nome do atributo 1","Valores do atributo 1","Visibilidade do atributo 1","Atributo global 1","Metadado: stackable_optimized_css","Metadado: _wp_page_template","Metadado: _wc_facebook_commerce_enabled","Metadado: _wc_facebook_sync_enabled","Metadado: fb_visibility","Metadado: fb_product_description","Metadado: _wc_facebook_product_image_source"
1335,variable,ANCV00003,"Anel Cravejado Navete Colorido",1,0,visible,,"Material: Prata 925\nTipo de Pedra: Zircônia\nQuantidade média de pedras: 17\nCódigo: ANCV00003\nObservação: Em decorrência de cada monitor, a cor da pedra pode variar sutilmente da foto do site. Todas as medidas são aproximadas e podem variar conforme a produção.",,,taxable,,1,1,,0,1,300,19,16,7,1,,,,Anéis,,,"https://stovi.com.br/wp-content/uploads/2023/05/anel-zirc-crav-colorido.webp, https://stovi.com.br/wp-content/uploads/2023/05/anel-zirccoloridas-nav.webp, https://stovi.com.br/wp-content/uploads/2023/05/anel-zirc-colorida-nav.webp, https://stovi.com.br/wp-content/uploads/2023/05/tabela-tamanho-aneis.webp",,,,,,,,,0,Tamanho,17,1,1,,default,no,,,,
1372,variation,,"Anel Cravejado Navete Colorido - 17",1,0,visible,,,,,taxable,parent,1,,,0,1,,,,,0,,,135,,,,,,,ANCV00003,,,,,,1,Tamanho,17,,1,,,,,,,
1377,variable,ANSO00002,"Anel Solitário Pedras",1,0,visible,,"Material: Prata 925\nTipo de Pedra: Zircônia (2mm)\nQuantidade média de pedras: 13\nCódigo: ANSO00002\nObservação: Em decorrência de cada monitor, a cor da pedra pode variar sutilmente da foto do site. Todas as medidas são aproximadas e podem variar conforme a produção.",,,taxable,,1,1,,0,1,300,19,16,7,1,,,,Anéis,,,"https://stovi.com.br/wp-content/uploads/2023/05/anel-solitario-pedras-1.webp, https://stovi.com.br/wp-content/uploads/2023/05/anel-solitario-pedras2.webp, https://stovi.com.br/wp-content/uploads/2023/05/anel-solitario-pedras.webp, https://stovi.com.br/wp-content/uploads/2023/05/tabela-tamanho-aneis.webp",,,,,,,,,0,Tamanho,16,1,1,,default,no,,,,
1378,variation,,"Anel Solitário Pedras - 16",1,0,visible,,,,,taxable,parent,1,,,0,1,,,,,0,,,85,,,,,,,ANSO00002,,,,,,1,Tamanho,16,,1,,,,,,,
1381,variable,ANSO00001,"Anel Solitário Navete",1,0,visible,,"Material: Prata 925\nTipo de Pedra: Zircônia (5.7 mm)\nQuantidade média de pedras: 1\nCódigo: ANSO00001\nObservação: Em decorrência de cada monitor, a cor da pedra pode variar sutilmente da foto do site. Todas as medidas são aproximadas e podem variar conforme a produção.",,,taxable,,1,1,,0,1,300,19,16,7,1,,,,"Anéis, Minimalista",,,"https://stovi.com.br/wp-content/uploads/2023/05/anel-solitario-navete-4.webp, https://stovi.com.br/wp-content/uploads/2023/05/anel-solitario-navete2-1.webp, https://stovi.com.br/wp-content/uploads/2023/05/anel-solitario-navete-2.webp, https://stovi.com.br/wp-content/uploads/2023/05/tabela-tamanho-aneis.webp",,,,,,,,,0,Tamanho,17,1,1,,default,no,,,,
1382,variation,,"Anel Solitário Navete - 17",1,0,visible,,,,,taxable,parent,1,,,0,1,,,,,0,,,75,,,,,,,ANSO00001,,,,,,1,Tamanho,17,,1,,,,,,,
1385,variable,ANLS00003,"Anel Palito Liso",1,0,visible,,"Material: Prata 925\nCódigo: ANLS00003\nObservação: Em decorrência de cada monitor, a cor da pedra pode variar sutilmente da foto do site. Todas as medidas são aproximadas e podem variar conforme a produção.",,,taxable,,1,1,,0,1,300,19,16,7,1,,,,"Anéis, Minimalista",,,"https://stovi.com.br/wp-content/uploads/2023/05/anel-palito-3.webp, https://stovi.com.br/wp-content/uploads/2023/05/anel-palito2-1.webp, https://stovi.com.br/wp-content/uploads/2023/05/anel-palito-1.webp, https://stovi.com.br/wp-content/uploads/2023/05/tabela-tamanho-aneis.webp",,,,,,,,,0,Tamanho,15,1,1,,default,no,,,,
1386,variation,,"Anel Palito Liso - 15",1,0,visible,,,,,taxable,parent,1,,,0,1,,,,,0,,,72,,,,,,,ANLS00003,,,,,,1,Tamanho,15,,1,,,,,,,
1391,variable,ANLS00001,"Anel Ondulado Liso",1,0,visible,,"Material: Prata 925\nCódigo: ANLS00001\nObservação: Em decorrência de cada monitor, a cor da pedra pode variar sutilmente da foto do site. Todas as medidas são aproximadas e podem variar conforme a produção.",,,taxable,,1,1,,0,1,300,19,16,7,1,,,,"Anéis, Minimalista",,,"https://stovi.com.br/wp-content/uploads/2023/05/anel-ondulado-4.webp, https://stovi.com.br/wp-content/uploads/2023/05/anel-ondulado2-1.webp, https://stovi.com.br/wp-content/uploads/2023/05/anel-ondulado-1.webp, https://stovi.com.br/wp-content/uploads/2023/05/tabela-tamanho-aneis.webp",,,,,,,,,0,Tamanho,17,1,1,,default,no,,,,
1392,variation,,"Anel Ondulado Liso - 17",1,0,visible,,,,,taxable,parent,1,,,0,1,,,,,0,,,82,,,,,,,ANLS00001,,,,,,1,Tamanho,17,,1,,,,,,,
1394,variable,ANMA00001,"Anel Meia Aliança Colorida",1,0,visible,,"Material: Prata 925\nTipo de Pedra: Zircônia\nQuantidade média de pedras: 19\nCódigo: ANMA00001\nObservação: Em decorrência de cada monitor, a cor da pedra pode variar sutilmente da foto do site. Todas as medidas são aproximadas e podem variar conforme a produção.",,,taxable,,1,1,,0,1,300,19,16,7,1,,,,Anéis,,,"https://stovi.com.br/wp-content/uploads/2023/05/anel-meia-alianca-2.webp, https://stovi.com.br/wp-content/uploads/2023/05/anel-meia-alianca2.webp, https://stovi.com.br/wp-content/uploads/2023/05/anel-meia-alianca.webp, https://stovi.com.br/wp-content/uploads/2023/05/tabela-tamanho-aneis.webp",,,,,,,,,0,Tamanho,"14, 16, 18",1,1,,default,no,,,,
1395,variation,,"Anel Meia Aliança Colorida - 14",1,0,visible,,,,,taxable,parent,1,1,,0,1,,,,,0,,,82,,,,,,,ANMA00001,,,,,,1,Tamanho,14,,1,,,,,,,
1396,variation,,"Anel Meia Aliança Colorida - 16",1,0,visible,,,,,taxable,parent,1,1,,0,1,,,,,0,,,82,,,,,,,ANMA00001,,,,,,2,Tamanho,16,,1,,,,,,,
1397,variation,,"Anel Meia Aliança Colorida - 18",1,0,visible,,,,,taxable,parent,1,1,,0,1,,,,,0,,,82,,,,,,,ANMA00001,,,,,,3,Tamanho,18,,1,,,,,,,
1400,variable,ANCV00002,"Anel Em V Cravejado",1,0,visible,,"Material: Prata 925\nTipo de Pedra: Zircônia\nQuantidade média de pedras: 21\nCódigo: ANCV00002\nObservação: Em decorrência de cada monitor, a cor da pedra pode variar sutilmente da foto do site. Todas as medidas são aproximadas e podem variar conforme a produção.",,,taxable,,1,1,,0,1,300,19,16,7,1,,,,Anéis,,,"https://stovi.com.br/wp-content/uploads/2023/05/anel-em-v-3.webp, https://stovi.com.br/wp-content/uploads/2023/05/anel-em-v2-1.webp, https://stovi.com.br/wp-content/uploads/2023/05/anel-em-v-1.webp, https://stovi.com.br/wp-content/uploads/2023/05/tabela-tamanho-aneis.webp",,,,,,,,,0,Tamanho,14,1,1,,default,no,,,,
1401,variation,,"Anel Em V Cravejado - 14",1,0,visible,,,,,taxable,parent,1,,,0,1,,,,,0,,,95,,,,,,,ANCV00002,,,,,,1,Tamanho,14,,1,,,,,,,
1404,variable,ANCV00005,"Anel Coroa Corações",1,0,visible,,"Material: Prata 925\nTipo de Pedra: Zircônia\nQuantidade média de pedras: 25\nCódigo: ANCV00005\nObservação: Em decorrência de cada monitor, a cor da pedra pode variar sutilmente da foto do site. Todas as medidas são aproximadas e podem variar conforme a produção.",,,taxable,,1,1,,0,1,300,19,16,7,1,,,,Anéis,,,"https://stovi.com.br/wp-content/uploads/2023/05/anel-coroa-3.webp, https://stovi.com.br/wp-content/uploads/2023/05/anel-coroa2-1.webp, https://stovi.com.br/wp-content/uploads/2023/05/anel-coroa-1.webp, https://stovi.com.br/wp-content/uploads/2023/05/tabela-tamanho-aneis.webp",,,,,,,,,0,Tamanho,14,1,1,,default,no,,,,
1408,variable,ANCV00004,"Anel Cobra 2 Zircônias Verdes",1,0,visible,,"Material: Prata 925\nTipo de Pedra: Zircônia\nQuantidade média de pedras: 2\nCódigo: ANCV00004\nObservação: Em decorrência de cada monitor, a cor da pedra pode variar sutilmente da foto do site. Todas as medidas são aproximadas e podem variar conforme a produção.",,,taxable,,1,1,,0,1,300,19,16,7,1,,,,Anéis,,,"https://stovi.com.br/wp-content/uploads/2023/05/anel-cobra-3.webp, https://stovi.com.br/wp-content/uploads/2023/05/anel-cobra2-1.webp, https://stovi.com.br/wp-content/uploads/2023/05/anel-cobra-1.webp, https://stovi.com.br/wp-content/uploads/2023/05/tabela-tamanho-aneis.webp",,,,,,,,,0,Tamanho,17,1,1,,default,no,,,,
1409,variation,,"Anel Cobra 2 Zircônias Verdes - 17",1,0,visible,,,,,taxable,parent,1,,,0,1,,,,,0,,,125,,,,,,,ANCV00004,,,,,,1,Tamanho,17,,1,,,,,,,
1411,variable,ANCV00001,"Anel Bolinha Cravejado",1,0,visible,,"Material: Prata 925\nTipo de Pedra: Zircônia\nQuantidade média de pedras: 7\nCódigo: ANCV00001\nObservação: Em decorrência de cada monitor, a cor da pedra pode variar sutilmente da foto do site. Todas as medidas são aproximadas e podem variar conforme a produção.",,,taxable,,1,1,,0,1,300,19,16,7,1,,,,"Anéis, Minimalista",,,"https://stovi.com.br/wp-content/uploads/2023/05/anel-bolinha-crav-2.webp, https://stovi.com.br/wp-content/uploads/2023/05/anel-bolinha-crav.webp, https://stovi.com.br/wp-content/uploads/2023/05/anel-bolinha.webp, https://stovi.com.br/wp-content/uploads/2023/05/tabela-tamanho-aneis.webp",,,,,,,,,0,Tamanho,15,1,1,,default,no,,,,
1412,variation,,"Anel Bolinha Cravejado - 15",1,0,visible,,,,,taxable,parent,1,,,0,1,300,19,16,7,0,,,75,,,,,,,ANCV00001,,,,,,1,Tamanho,15,,1,,,,,,,
1416,variable,ANLS00002,"Anel Bolinhas Liso",1,0,visible,,"Material: Prata 925\nCódigo: ANLS00002\nObservação: Em decorrência de cada monitor, a cor da pedra pode variar sutilmente da foto do site. Todas as medidas são aproximadas e podem variar conforme a produção.",,,taxable,,1,1,,0,1,300,19,16,7,1,,,,"Anéis, Minimalista",,,"https://stovi.com.br/wp-content/uploads/2023/05/anel-bolas-3.webp, https://stovi.com.br/wp-content/uploads/2023/05/anel-bolas2.webp, https://stovi.com.br/wp-content/uploads/2023/05/anel-bolas-1.webp, https://stovi.com.br/wp-content/uploads/2023/05/tabela-tamanho-aneis.webp",,,,,,,,,0,Tamanho,16,1,1,,default,no,,,,
1417,variation,,"Anel Bolinhas Liso - 16",1,0,visible,,,,,taxable,parent,1,,,0,1,,,,,0,,,72,,,,,,,ANLS00002,,,,,,1,Tamanho,16,,1,,,,,,,
1420,simple,ANFL00001,"Anel Falange Ajustável",1,0,visible,,"Material: Prata 925\nTipo de Pedra: Zircônia\nQuantidade média de pedras: 2\nCódigo: ANFL00001\nObservação: Em decorrência de cada monitor, a cor da pedra pode variar sutilmente da foto do site. Todas as medidas são aproximadas e podem variar conforme a produção.",,,taxable,,1,2,,0,0,300,19,16,7,1,,,62,"Anéis, Minimalista",,,"https://stovi.com.br/wp-content/uploads/2023/05/anel-2-zirc-2.webp, https://stovi.com.br/wp-content/uploads/2023/05/anel-2-zirc2.webp, https://stovi.com.br/wp-content/uploads/2023/05/anel-2-zirc.webp, https://stovi.com.br/wp-content/uploads/2023/05/tabela-tamanho-aneis.webp",,,,,,,,,0,,,,,,default,no,yes,yes,,product
1464,variation,,"Anel Coroa Corações - 14",1,0,visible,,,,,taxable,parent,1,,,0,1,,,,,0,,,110,,,,,,,ANCV00005,,,,,,1,Tamanho,14,,1,,,,,,,
1550,simple,TRBRCV001,"Brinco Trio Flor 3 Pétalas",1,0,visible,,"Material: Prata 925\nTipo de Pedra: Zircônia\nQuantidade média de pedras: 18\nCódigo: TRBRCV001\nObservação: Em decorrência de cada monitor, a cor da pedra pode variar sutilmente da foto do site. Todas as medidas são aproximadas e podem variar conforme a produção.",,,taxable,,1,1,,0,0,300,19,16,7,1,,,135,"Brincos, Minimalista",,,"https://stovi.com.br/wp-content/uploads/2023/06/trio-brinco-flor-3-pet.webp, https://stovi.com.br/wp-content/uploads/2023/06/trio-brinco-flor-3-pet2.webp, https://stovi.com.br/wp-content/uploads/2023/06/trio-brinco-flor-3-pet1.webp",,,,,,,,,0,,,,,,default,no,yes,yes,,product
1553,simple,TRBRLS001,"Trio Brinco Liso com Estrela, Coração e Lua",1,0,visible,,"Material: Prata 925\nCódigo: TRBRLS001\nObservação: Em decorrência de cada monitor, a cor da pedra pode variar sutilmente da foto do site. Todas as medidas são aproximadas e podem variar conforme a produção.",,,taxable,,1,1,,0,0,300,19,16,7,1,,,70,Brincos,,,"https://stovi.com.br/wp-content/uploads/2023/06/trio-brinco-est-cor-lua1.webp, https://stovi.com.br/wp-content/uploads/2023/06/trio-birnco-est-cor-lua.webp, https://stovi.com.br/wp-content/uploads/2023/06/trio-brinco-est-cor-lua.webp",,,,,,,,,0,,,,,,default,no,yes,yes,,product
1555,simple,TRARCV001,"Trio Argolas 2 Fileiras Cravejadas",1,0,visible,,"Material: Prata 925\nTipo de Pedra: Zircônia\nQuantidade média de pedras: 72\nCódigo: TRARCV001\nObservação: Em decorrência de cada monitor, a cor da pedra pode variar sutilmente da foto do site. Todas as medidas são aproximadas e podem variar conforme a produção.",,,taxable,,1,1,,0,0,300,19,16,7,1,,,235,Brincos,,,"https://stovi.com.br/wp-content/uploads/2023/06/TRIO-ARGOLA-2-FILEIRAS-ZIRC2.webp, https://stovi.com.br/wp-content/uploads/2023/06/TRIO-ARGOLA-2-FILEIRAS-ZIRC.webp, https://stovi.com.br/wp-content/uploads/2023/06/TRIO-ARGOLA-2-FILEIRAS-ZIRC1.webp",,,,,,,,,0,,,,,,default,no,yes,yes,,product
1558,simple,DUBRCV001,"Duo Brinco - Zircônia Redonda 2MM e 3MM",1,0,visible,,"Material: Prata 925\nTipo de Pedra: Zircônia\nQuantidade de pedras: 4\nCódigo: DUBRCV001\nObservação: Em decorrência de cada monitor, a cor da pedra pode variar sutilmente da foto do site. Todas as medidas são aproximadas e podem variar conforme a produção.",,,taxable,,1,2,,0,0,300,19,16,7,1,,,40,"Brincos, Minimalista",,,"https://stovi.com.br/wp-content/uploads/2023/06/DUPLA-BRINCO-ZIRC-REDONDA-2MM-3MM2.webp, https://stovi.com.br/wp-content/uploads/2023/06/DUPLA-BRINCO-ZIRC-REDONDA-2MM-3MM.webp, https://stovi.com.br/wp-content/uploads/2023/06/DUPLA-BRINCO-ZIRC-REDONDA-2MM-3MM1.webp",,,,,,,,,0,,,,,,default,no,yes,yes,,product
1562,simple,DUBRLS003,"Duo Brinco - Bolinha Liso 3MM e 4MM",1,0,visible,,"Material: Prata 925\nCódigo: DUBRLS003\nObservação: Em decorrência de cada monitor, a cor da pedra pode variar sutilmente da foto do site. Todas as medidas são aproximadas e podem variar conforme a produção.",,,taxable,,1,1,,0,0,300,19,16,7,1,,,52,"Brincos, Minimalista",,,"https://stovi.com.br/wp-content/uploads/2023/06/DUPLA-BRINCO-BOLINHA-3MM-4MM.webp, https://stovi.com.br/wp-content/uploads/2023/06/DUPLA-BRINCO-BOLINHA-3MM-4MM2.webp, https://stovi.com.br/wp-content/uploads/2023/06/DUPLA-BRINCO-BOLINHA-3MM-4MM1.webp",,,,,,,,,0,,,,,,default,no,yes,yes,,product
1564,simple,BRLS00006,"Brinco Palito Liso",1,0,visible,,"Material: Prata 925\nCódigo: BRLS00006\nObservação: Em decorrência de cada monitor, a cor da pedra pode variar sutilmente da foto do site. Todas as medidas são aproximadas e podem variar conforme a produção.",,,taxable,,1,1,,0,0,300,19,16,7,1,,,50,"Brincos, Minimalista",,,"https://stovi.com.br/wp-content/uploads/2023/06/brinco-palito-liso.webp, https://stovi.com.br/wp-content/uploads/2023/06/brinco-palito-liso-3.webp, https://stovi.com.br/wp-content/uploads/2023/06/brinco-palito-liso-2.webp",,,,,,,,,0,,,,,,default,no,yes,yes,,product
1566,simple,BRCV00002,"Brinco Estrela Cravejado",1,0,visible,,"Material: Prata 925\nTipo de Pedra: Zircônia\nQuantidade média de pedras: 8\nCódigo: BRCV00002\nObservação: Em decorrência de cada monitor, a cor da pedra pode variar sutilmente da foto do site. Todas as medidas são aproximadas e podem variar conforme a produção.",,,taxable,,1,1,,0,0,300,19,16,7,1,,,58,Brincos,,,"https://stovi.com.br/wp-content/uploads/2023/06/brinco-estrela-cravejado.webp, https://stovi.com.br/wp-content/uploads/2023/06/brinco-estrela-cravejado-_3_.webp, https://stovi.com.br/wp-content/uploads/2023/06/brinco-estrela-cravejado-_2_.webp",,,,,,,,,0,,,,,,default,no,yes,yes,,product
1568,simple,BRLS00004,"Brinco Ear Cuff Bolinhas Liso",1,0,visible,,"Material: Prata 925\nCódigo: BRLS00004\nObservação: Em decorrência de cada monitor, a cor da pedra pode variar sutilmente da foto do site. Todas as medidas são aproximadas e podem variar conforme a produção.",,,taxable,,1,1,,0,0,300,19,16,7,1,,,68,"Brincos, Minimalista",,,"https://stovi.com.br/wp-content/uploads/2023/06/EAR-CUFF-BOLINHAS-LISO2.webp, https://stovi.com.br/wp-content/uploads/2023/06/EAR-CUFF-BOLINHAS-LISO.webp, https://stovi.com.br/wp-content/uploads/2023/06/EAR-CUFF-BOLINHAS-LISO1.webp",,,,,,,,,0,,,,,,default,no,yes,yes,,product
1570,simple,BRLS00007,"Brinco Chapinha Redondo Liso",1,0,visible,,"Material: Prata 925\nCódigo: BRLS00007\nObservação: Em decorrência de cada monitor, a cor da pedra pode variar sutilmente da foto do site. Todas as medidas são aproximadas e podem variar conforme a produção.",,,taxable,,1,1,,0,0,300,19,16,7,1,,,56,"Brincos, Minimalista",,,"https://stovi.com.br/wp-content/uploads/2023/06/brinco-chapinha-redondo.webp, https://stovi.com.br/wp-content/uploads/2023/06/brinco-chapinha-redondo-_3_.webp, https://stovi.com.br/wp-content/uploads/2023/06/brinco-chapinha-redondo-_2_.webp",,,,,,,,,0,,,,,,default,no,yes,yes,,product
1572,simple,BRCV00005,"Brinco Raio Cravejado com Corrente",1,0,visible,,"Material: Prata 925\nTipo de Pedra: Zircônia\nQuantidade média de pedras: 20\nCódigo: BRCV00005\nObservação: Em decorrência de cada monitor, a cor da pedra pode variar sutilmente da foto do site. Todas as medidas são aproximadas e podem variar conforme a produção.",,,taxable,,1,2,,0,0,300,19,16,7,1,,,82,Brincos,,,"https://stovi.com.br/wp-content/uploads/2023/06/BRINCO-RAIO-CRAV-C_-CORRENTE2.webp, https://stovi.com.br/wp-content/uploads/2023/06/BRINCO-RAIO-CRAV-C_-CORRENTE1.webp, https://stovi.com.br/wp-content/uploads/2023/06/BRINCO-RAIO-CRAV-C_-CORRENTE.webp",,,,,,,,,0,,,,,,default,no,yes,yes,,product
1574,simple,BRPD00002,"Brinco Pedras Retangulares Coloridas",1,0,visible,,"Material: Prata 925\nTipo de Pedra: Zircônia\nQuantidade média de pedras: 10\nCódigo: BRPD00002\nObservação: Em decorrência de cada monitor, a cor da pedra pode variar sutilmente da foto do site. Todas as medidas são aproximadas e podem variar conforme a produção.",,,taxable,,0,0,,0,0,300,19,16,7,1,,,180,Brincos,,,"https://stovi.com.br/wp-content/uploads/2023/06/BRINCO-PEDRAS-RETANGULARES.webp, https://stovi.com.br/wp-content/uploads/2023/06/brinco-pedras-retangulares-coloridas.webp, https://stovi.com.br/wp-content/uploads/2023/06/BRINCO-PEDRAS-RETANGULARES-COLORIDAS1.webp",,,,,,,,,0,,,,,,default,no,yes,yes,,product
1576,simple,BRLS00005,"Brinco Palito Liso com Corrente Elo Português",1,0,visible,,"Material: Prata 925\nCódigo: BRLS00005\nObservação: Em decorrência de cada monitor, a cor da pedra pode variar sutilmente da foto do site. Todas as medidas são aproximadas e podem variar conforme a produção.",,,taxable,,1,1,,0,0,300,19,16,7,1,,,140,"Brincos, Minimalista",,,"https://stovi.com.br/wp-content/uploads/2023/06/brinco-palito-com-corrente-elo-portugues1.webp, https://stovi.com.br/wp-content/uploads/2023/06/brinco-palito-com-corrente-elo-portugues.webp, https://stovi.com.br/wp-content/uploads/2023/06/brinco-palito-com-corrente.webp",,,,,,,,,0,,,,,,default,no,yes,yes,,product
1578,simple,BRLS00009,"Brinco Oval Vazado Liso",1,0,visible,,"Material: Prata 925\nCódigo: BRLS00007\nObservação: Em decorrência de cada monitor, a cor da pedra pode variar sutilmente da foto do site. Todas as medidas são aproximadas e podem variar conforme a produção.",,,taxable,,1,2,,0,0,300,19,16,7,1,,,58,"Brincos, Minimalista",,,"https://stovi.com.br/wp-content/uploads/2023/06/brinco-liso-oval-vazado2.webp, https://stovi.com.br/wp-content/uploads/2023/06/brinco-liso-oval-vazado1.webp, https://stovi.com.br/wp-content/uploads/2023/06/brinco-liso-oval-vazado.webp",,,,,,,,,0,,,,,,default,no,yes,yes,,product
1581,simple,BRPD00004,"Brinco Gotas Coloridas com Corrente",1,0,visible,,"Material: Prata 925\nTipo de Pedra: Zircônia\nQuantidade média de pedras: 12\nCódigo: BRPD00004\nObservação: Em decorrência de cada monitor, a cor da pedra pode variar sutilmente da foto do site. Todas as medidas são aproximadas e podem variar conforme a produção.",,,taxable,,1,1,,0,0,300,19,16,7,1,,,200,Brincos,,,"https://stovi.com.br/wp-content/uploads/2023/06/brinco-gotas-coloridas-com-corrente2.webp, https://stovi.com.br/wp-content/uploads/2023/06/brinco-gotas-coloridas-com-corrente.webp, https://stovi.com.br/wp-content/uploads/2023/06/brinco-gotas-coloridas-com-corrente1.webp",,,,,,,,,0,,,,,,default,no,yes,yes,,product
1585,simple,BRCV00003,"Brinco Cravejado Gota Rosa e Azul",1,0,visible,,"Material: Prata 950\nTipo de Pedra: Zircônia\nQuantidade média de pedras: 30\nCódigo: BRCV00003\nObservação: Em decorrência de cada monitor, a cor da pedra pode variar sutilmente da foto do site. Todas as medidas são aproximadas e podem variar conforme a produção.",,,taxable,,1,1,,0,0,300,19,16,7,1,,,144,Brincos,,,"https://stovi.com.br/wp-content/uploads/2023/06/brinco-gota-rosa-e-azul-cravejado2.webp, https://stovi.com.br/wp-content/uploads/2023/06/brinco-gota-rosa-e-azul-cravejado.webp, https://stovi.com.br/wp-content/uploads/2023/06/brinco-gota-rosa-e-azul-cravejado1.webp",,,,,,,,,0,,,,,,default,no,yes,yes,,product
1587,simple,BRPD00001,"Brinco Fio Gota",1,0,visible,,"Material: Prata 925\nTipo de Pedra: Zircônia\nQuantidade média de pedras: 2\nCódigo: BRPD00001\nObservação: Em decorrência de cada monitor, a cor da pedra pode variar sutilmente da foto do site. Todas as medidas são aproximadas e podem variar conforme a produção.",,,taxable,,1,1,,0,0,300,19,16,7,1,,,78,"Brincos, Minimalista",,,"https://stovi.com.br/wp-content/uploads/2023/06/brinco-fio-gota-cristal1.webp, https://stovi.com.br/wp-content/uploads/2023/06/brinco-fio-gota-cristal.webp",,,,,,,,,0,,,,,,default,no,yes,yes,,product
1589,simple,BRLS00008,"Brinco Chapinha Retângulo Liso",1,0,visible,,"Material: Prata 925\nCódigo: BRLS00008\nObservação: Em decorrência de cada monitor, a cor da pedra pode variar sutilmente da foto do site. Todas as medidas são aproximadas e podem variar conforme a produção.",,,taxable,,1,1,,0,0,300,19,16,7,1,,,56,"Brincos, Minimalista",,,"https://stovi.com.br/wp-content/uploads/2023/06/brinco-chapinha-retangulo.webp, https://stovi.com.br/wp-content/uploads/2023/06/brinco-chapinha-retangulo-3.webp, https://stovi.com.br/wp-content/uploads/2023/06/brinco-chapinha-retangulo-2.webp",,,,,,,,,0,,,,,,default,no,yes,yes,,product
1591,simple,BRLS00003,"Brinco Bolinha Liso 5MM",1,0,visible,,"Material: Prata 925\nCódigo: BRLS00003\nObservação: Em decorrência de cada monitor, a cor da pedra pode variar sutilmente da foto do site. Todas as medidas são aproximadas e podem variar conforme a produção.",,,taxable,,1,1,,0,0,300,19,16,7,1,,,40,"Brincos, Minimalista",,,"https://stovi.com.br/wp-content/uploads/2023/06/BRINCO-BOLINHA-5MM1.webp, https://stovi.com.br/wp-content/uploads/2023/06/BRINCO-BOLINHA-5MM2.webp, https://stovi.com.br/wp-content/uploads/2023/06/BRINCO-BOLINHA-5MM.webp",,,,,,,,,0,,,,,,default,no,yes,yes,,product
1595,simple,ARCV00001,"Brinco Argola Click Cravejada 13MM",1,0,visible,,"Material: Prata 925\nTipo de Pedra: Zircônia\nQuantidade média de pedras: 14\nCódigo: ARCV00001\nObservação: Em decorrência de cada monitor, a cor da pedra pode variar sutilmente da foto do site. Todas as medidas são aproximadas e podem variar conforme a produção.",,,taxable,,1,1,,0,0,300,19,16,7,1,,,85,"Brincos, Minimalista",,,"https://stovi.com.br/wp-content/uploads/2023/06/ARGOLA-13MM3.webp, https://stovi.com.br/wp-content/uploads/2023/06/ARGOLA-13MM1.webp, https://stovi.com.br/wp-content/uploads/2023/06/ARGOLA-13MM.webp, https://stovi.com.br/wp-content/uploads/2023/06/ARGOLA-13MM2.webp",,,,,,,,,0,,,,,,default,no,yes,yes,,product
1613,simple,COLV45021,"Colar Medalha Love com Ponto de Luz Verde",1,0,visible,,"Material: Prata 925\nTipo de Pingente: Medalha com Ponto de luz\nCor: Verde Água\nQuantidade média de pedras: 1\nTamanho do Colar: 45CM\nCódigo: COLV45021\nObservação: Em decorrência de cada monitor, a cor da pedra pode variar sutilmente da foto do site. Todas as medidas são aproximadas e podem variar conforme a produção.",,,taxable,,1,1,,0,0,300,19,16,7,1,,,130,Colares,,,"https://stovi.com.br/wp-content/uploads/2023/06/COLAR-MEDALHA-LOVE-C_-PONTO-DE-LUZ-VERDE.webp, https://stovi.com.br/wp-content/uploads/2023/07/colar-medalha-love-scaled.webp, https://stovi.com.br/wp-content/uploads/2023/05/tamanhos-correntes-1.webp",,,,,,,,,0,,,,,,default,no,yes,yes,,product
1615,variable,,"Corrente Veneziana com Bolinha",1,0,visible,,"Material: Prata 925\nTipo de Corrente: Veneziana com Bolinhas\nTamanhos: 40CM e 60CM\nObservação: Em decorrência de cada monitor, a cor da pedra pode variar sutilmente da foto do site. Todas as medidas são aproximadas e podem variar conforme a produção.",,,taxable,,1,,,0,0,300,19,16,7,1,,,,"Correntes, Minimalista",,,"https://stovi.com.br/wp-content/uploads/2023/07/CORRENTE-VENEZ-C_-BOLINHA.webp, https://stovi.com.br/wp-content/uploads/2023/07/CORRENTE-VENEZ-C_-BOLINHA-2.webp, https://stovi.com.br/wp-content/uploads/2023/05/tamanhos-correntes-1.webp",,,,,,,,,0,Tamanho,"40, 60",1,1,,default,no,,,,
1617,variation,CORVB0040,"Corrente Veneziana com Bolinha - 40",1,0,visible,,,,,taxable,parent,1,1,,0,0,300,19,16,7,0,,,80,,,,,,,id:1615,,,,,,1,Tamanho,40,,1,,,,,,,
1618,variation,CORVB0060,"Corrente Veneziana com Bolinha - 60",1,0,visible,,,,,taxable,parent,1,1,,0,0,300,19,16,7,0,,,135,,,,,,,id:1615,,,,,,2,Tamanho,60,,1,,,,,,,
1625,simple,COLV45022,"Colar Medalha Dente de Leão",1,0,visible,,"Material: Prata 925\nTipo de Pingente: Medalha\nTamanho do colar: 45CM\nCódigo: COLV45022\nObservação: Em decorrência de cada monitor, a cor da pedra pode variar sutilmente da foto do site. Todas as medidas são aproximadas e podem variar conforme a produção.",,,taxable,,1,1,,0,0,300,19,16,7,1,,,110,Colares,,,"https://stovi.com.br/wp-content/uploads/2023/06/COLAR-MEDALHA-DENTE-DE-LEAO.webp, https://stovi.com.br/wp-content/uploads/2023/07/colar-medalha-dente-de-leao-scaled.webp, https://stovi.com.br/wp-content/uploads/2023/05/tamanhos-correntes-1.webp",,,,,,,,,0,,,,,,default,no,yes,yes,,product
1632,simple,COLV40004,"Colar Coroa Cravejado",1,0,visible,,"Material: Prata 925\nTipo de Pedra: Zircônia\nQuantidade média de pedras: 4\nTamanho do colar: 40CM\nCódigo: COLV40004\nObservação: Em decorrência de cada monitor, a cor da pedra pode variar sutilmente da foto do site. Todas as medidas são aproximadas e podem variar conforme a produção.",,,taxable,,1,1,,0,0,300,19,16,7,1,,,98,Colares,,,"https://stovi.com.br/wp-content/uploads/2023/06/COLAR-COROA-CRAV-40CM.webp, https://stovi.com.br/wp-content/uploads/2023/06/COLAR-COROA-CRAV-40-CM.webp, https://stovi.com.br/wp-content/uploads/2023/05/tamanhos-correntes-1.webp",,,,,,,,,0,,,,,,default,no,yes,yes,,product
1636,simple,CORP00040,"Corrente Pipoca",1,0,visible,,"Material: Prata 925\nTipo de Corrente: Pipoca\nTamanho do colar: 40CM\nCódigo: CORP00040\nObservação: Em decorrência de cada monitor, a cor da pedra pode variar sutilmente da foto do site. Todas as medidas são aproximadas e podem variar conforme a produção.",,,taxable,,1,2,,0,0,300,19,16,7,1,,,85,"Correntes, Minimalista",,,"https://stovi.com.br/wp-content/uploads/2023/07/CORRENTE-PIPOCA-40-CM.webp, https://stovi.com.br/wp-content/uploads/2023/07/CORRENTE-PIPOCA-40-CM-2.webp, https://stovi.com.br/wp-content/uploads/2023/05/tamanhos-correntes-1.webp",,,,,,,,,0,,,,,,default,no,yes,yes,,product
1645,simple,CONJ00003,"Conjunto Colar e Brinco Palito",1,0,visible,,"Material: Prata 925\nTipo de Corrente: Pipoca\nTamanho do colar: 50CM\nCódigo: CONJ00003\nObservação: Em decorrência de cada monitor, a cor da pedra pode variar sutilmente da foto do site. Todas as medidas são aproximadas e podem variar conforme a produção.",,,taxable,,1,1,,0,0,300,19,16,7,1,,,170,"Conjuntos, Minimalista",,,"https://stovi.com.br/wp-content/uploads/2023/06/conjunto-palito.webp, https://stovi.com.br/wp-content/uploads/2023/06/conjunto-palito1-scaled.webp, https://stovi.com.br/wp-content/uploads/2023/05/tamanhos-correntes-1.webp",,,,,,,,,0,,,,,,default,no,yes,yes,,product
1649,simple,CONJ00004,"Conjunto Colar e Brinco Cadeado e Chave",1,0,visible,,"Material: Prata 925\nTipo de Pedra: Zircônia\nQuantidade média de pedras: 16\nTipo de Corrente: Elo oval\nTamanho do colar: 50CM\nCódigo: CONJ00004\nObservação: Em decorrência de cada monitor, a cor da pedra pode variar sutilmente da foto do site. Todas as medidas são aproximadas e podem variar conforme a produção.",,,taxable,,1,1,,0,0,300,19,16,7,1,,,140,Conjuntos,,,"https://stovi.com.br/wp-content/uploads/2023/06/conjunto-chave.webp, https://stovi.com.br/wp-content/uploads/2023/06/conjunto-chave1-scaled.webp, https://stovi.com.br/wp-content/uploads/2023/05/tamanhos-correntes-1.webp",,,,,,,,,0,,,,,,default,no,yes,yes,,product
1669,simple,PIEF00003,"Piercing Fake Vazado",1,0,visible,,"Material: Prata 925\nCódigo: PIEF00003\nObservação: Em decorrência de cada monitor, a cor da pedra pode variar sutilmente da foto do site. Todas as medidas são aproximadas e podem variar conforme a produção.",,,taxable,,1,1,,0,0,300,19,16,7,1,,,58,"Minimalista, Piercings",,,"https://stovi.com.br/wp-content/uploads/2023/06/PIERCING-FAKE-VAZADO1.webp, https://stovi.com.br/wp-content/uploads/2023/06/PIERCING-FAKE-VAZADO.webp",,,,,,,,,0,,,,,,default,,,,,
1671,simple,PIEF00004,"Piercing Fake Mini Corações Vazado",1,0,visible,,"Material: Prata 925\nCódigo: PIEF00004\nObservação: Em decorrência de cada monitor, a cor da pedra pode variar sutilmente da foto do site. Todas as medidas são aproximadas e podem variar conforme a produção.",,,taxable,,1,1,,0,0,300,19,16,7,1,,,68,Piercings,,,"https://stovi.com.br/wp-content/uploads/2023/06/PIERCING-FAKE-MINI-CORACOES1.webp, https://stovi.com.br/wp-content/uploads/2023/06/PIERCING-FAKE-MINI-CORACOES.webp",,,,,,,,,0,,,,,,default,no,yes,yes,,product
1673,simple,PIEF00002,"Piercing Fake Liso",1,0,visible,,"Material: Prata 925\nCódigo: PIEF00002\nObservação: Em decorrência de cada monitor, a cor da pedra pode variar sutilmente da foto do site. Todas as medidas são aproximadas e podem variar conforme a produção.",,,taxable,,1,2,,0,0,300,19,16,7,1,,,58,"Minimalista, Piercings",,,"https://stovi.com.br/wp-content/uploads/2023/06/PIERCING-FAKE-LISO1.webp, https://stovi.com.br/wp-content/uploads/2023/06/PIERCING-FAKE-LISO.webp",,,,,,,,,0,,,,,,default,no,yes,yes,,product
1676,simple,PIEF00005,"Piercing Fake Pedras Coloridas",1,0,visible,,"Material: Prata 925\nTipo de Pedra: Zircônia\nQuantidade média de pedras: 6\nCódigo: PIEF00005\nObservação: Em decorrência de cada monitor, a cor da pedra pode variar sutilmente da foto do site. Todas as medidas são aproximadas e podem variar conforme a produção.",,,taxable,,1,1,,0,0,300,19,16,7,1,,,58,Piercings,,,"https://stovi.com.br/wp-content/uploads/2023/06/PIERCING-FAKE-CRAV-COLORIDO1.webp, https://stovi.com.br/wp-content/uploads/2023/06/PIERCING-FAKE-CRAV-COLORIDO.webp",,,,,,,,,0,,,,,,default,no,yes,yes,,product
1679,simple,PIEO00001,"Piercing Argola Click Cravejada 9MM",1,0,visible,,"Material: Prata 925\nTipo de Pedra: Zircônia\nQuantidade média de pedras: 6\nCódigo: PIEO00001\nObservação: Em decorrência de cada monitor, a cor da pedra pode variar sutilmente da foto do site. Todas as medidas são aproximadas e podem variar conforme a produção.",,,taxable,,1,1,,0,0,300,19,16,7,1,,,50,Piercings,,,"https://stovi.com.br/wp-content/uploads/2023/06/PIERCING-ARG-CRAVEJADA-9MM.webp, https://stovi.com.br/wp-content/uploads/2023/06/PIERCING-ARG-CRAV-9MM.webp",,,,,,,,,0,,,,,,default,no,yes,yes,,product
2065,simple,PULS00003,"Pulseira Pipoca",1,0,visible,,"Material: Prata 925\nCódigo:  PULS00003\nObservação: Em decorrência de cada monitor, a cor da pedra pode variar sutilmente da foto do site. Todas as medidas são aproximadas e podem variar conforme a produção.",,,taxable,,1,2,,0,0,300,19,16,7,1,,,70,"Minimalista, Pulseiras",,,"https://stovi.com.br/wp-content/uploads/2023/07/PULSEIRA-PIPOCA.webp, https://stovi.com.br/wp-content/uploads/2023/07/PULSEIRA-PIPOCA-2.webp",,,,,,,,,0,,,,,,,no,yes,yes,,product
2066,simple,DUBRCV003,"Duo Brinco - Mini Corações e Gota Cravejado",1,0,visible,,"Material: Prata 925\nTipo de Pedra: Zircônia\nQuantidade média de pedras: 24\nCódigo: DUBRCV003\nObservação: Em decorrência de cada monitor, a cor da pedra pode variar sutilmente da foto do site. Todas as medidas são aproximadas e podem variar conforme a produção.",,,taxable,,1,1,,0,0,300,19,16,7,1,,,88,"Brincos, Minimalista",,,"https://stovi.com.br/wp-content/uploads/2023/07/DUPLA-MINI-CORACAO-E-GOTA-CRAVEJADA.webp, https://stovi.com.br/wp-content/uploads/2023/07/DUPLA-MINI-CORACAO-E-GOTA-CRAVEJADA-2.webp",,,,,,,,,0,,,,,,,no,yes,yes,,product
2067,simple,CONJ00005,"Conjunto Brinco e Colar Oval Cravejado",1,0,visible,,"Material: Prata 925\nTipo de Pedra: Zircônia\nQuantidade de pedras: 33\nTamanho do colar: 45\nCódigo: CONJ00005\nObservação: Em decorrência de cada monitor, a cor da pedra pode variar sutilmente da foto do site. Todas as medidas são aproximadas e podem variar conforme a produção.",,,taxable,,0,0,,0,0,300,19,16,7,1,,,180,Conjuntos,,,"https://stovi.com.br/wp-content/uploads/2023/07/CONJUNTO-OVAL-CRAVEJADO-LILAS-E-ROSA-45CM.webp, https://stovi.com.br/wp-content/uploads/2023/07/CONJUNTO-OVAL-CRAVEJADO-LILAS-E-ROSA-45CM-_2_.webp, https://stovi.com.br/wp-content/uploads/2023/05/tamanhos-correntes-1.webp",,,,,,,,,0,,,,,,,no,yes,yes,,product
2068,simple,CONJ00007,"Conjunto Brinco e Colar Love Patuá Cravejado",1,0,visible,,"Material: Prata 925\nTipo de Pedra: Zircônia\nQuantidade média de pedras: 43\nTamanho do colar: 45CM\nCódigo: CONJ00007\nObservação: Em decorrência de cada monitor, a cor da pedra pode variar sutilmente da foto do site. Todas as medidas são aproximadas e podem variar conforme a produção.",,,taxable,,1,1,,0,0,300,19,16,7,1,,,180,Conjuntos,,,"https://stovi.com.br/wp-content/uploads/2023/07/CONJUNTO-LOVE-PATUA-CRAV-VENEZ-V12-45CM.webp, https://stovi.com.br/wp-content/uploads/2023/07/CONJUNTO-LOVE-PATUA-CRAV-VENEZ-V12-45CM-_2_.webp, https://stovi.com.br/wp-content/uploads/2023/05/tamanhos-correntes-1.webp",,,,,,,,,0,,,,,,,no,yes,yes,,product
2069,simple,CONJ00006,"Conjunto Brinco e Colar Libélula",1,0,visible,,"Material: Prata 925\nTipo de Pedra: Zircônia\nQuantidade média de pedras: 8\nTamanho do colar: 40CM\nCódigo: CONJ00006\nObservação: Em decorrência de cada monitor, a cor da pedra pode variar sutilmente da foto do site. Todas as medidas são aproximadas e podem variar conforme a produção.",,,taxable,,1,1,,0,0,300,19,16,7,1,,,112,Conjuntos,,,"https://stovi.com.br/wp-content/uploads/2023/07/CONJUNTO-LIBELULA-VENEZ-V12-40CM.webp, https://stovi.com.br/wp-content/uploads/2023/07/CONJUNTO-LIBELULA-VENEZ-V12-40CM-_2_.webp, https://stovi.com.br/wp-content/uploads/2023/05/tamanhos-correntes-1.webp",,,,,,,,,0,,,,,,,no,yes,yes,,product
2072,simple,CONJ00008,"Conjunto Brinco e Colar Coração Princesa Rubi",1,0,visible,,"Material: Prata 925\nTipo de Pedra: Zircônia\nQuantidade de pedras: 11\nTamanho do colar: 45CM\nCódigo: CONJ00005\nObservação: Em decorrência de cada monitor, a cor da pedra pode variar sutilmente da foto do site. Todas as medidas são aproximadas e podem variar conforme a produção.",,,taxable,,1,1,,0,0,300,19,16,7,1,,,160,Conjuntos,,,"https://stovi.com.br/wp-content/uploads/2023/07/CONJUNTO-CORACAO-PRINCESA-RUBI-45CM1.webp, https://stovi.com.br/wp-content/uploads/2023/07/CONJUNTO-CORACAO-PRINCESA-RUBI-45CM.webp, https://stovi.com.br/wp-content/uploads/2023/05/tamanhos-correntes-1.webp",,,,,,,,,0,,,,,,,no,yes,yes,,product
2073,simple,COLV45003,"Colar Quadrado Cravejado",1,0,visible,,"Material: Prata 925\nTipo de Pedra: Zircônia\nQuantidade média de pedras: 20\nTamanho do colar: 45CM\nCódigo: COLV45003\nObservação: Em decorrência de cada monitor, a cor da pedra pode variar sutilmente da foto do site. Todas as medidas são aproximadas e podem variar conforme a produção.",,,taxable,,1,2,,0,0,300,19,16,7,1,,,110,"Colares, Minimalista",,,"https://stovi.com.br/wp-content/uploads/2023/07/colar-quadrado-cravejado-45cm.webp, https://stovi.com.br/wp-content/uploads/2023/07/colar-quadrado-cravejado-45cm-2.webp, https://stovi.com.br/wp-content/uploads/2023/05/tamanhos-correntes-1.webp",,,,,,,,,0,,,,,,,no,yes,yes,,product
2074,simple,COLV45010,"Colar Gota Cristal Caixa",1,0,visible,,"Material: Prata 925\nTipo de Pedra: Zircônia\nQuantidade média de pedras: 1\nTamanho do colar: 45CM\nCódigo: COLV45010\nObservação: Em decorrência de cada monitor, a cor da pedra pode variar sutilmente da foto do site. Todas as medidas são aproximadas e podem variar conforme a produção.",,,taxable,,1,2,,0,0,300,19,16,7,1,,,100,"Colares, Minimalista",,,"https://stovi.com.br/wp-content/uploads/2023/07/colar-gota-cristal-caixa-7x6-45cm.webp, https://stovi.com.br/wp-content/uploads/2023/07/colar-gota-cristal-caixa-7x6-45cm-2.webp, https://stovi.com.br/wp-content/uploads/2023/05/tamanhos-correntes-1.webp",,,,,,,,,0,,,,,,,no,yes,yes,,product
2075,variable,,"Colar Gota Caixa",1,0,visible,,"Material: Prata 925\nTipo de Pedra: Zircônia\nQuantidade média de pedras: 1\nTamanho dos colares: 45CM\nCores: Azul Topázio/Rubi/Lilás\nObservação: Em decorrência de cada monitor, a cor da pedra pode variar sutilmente da foto do site. Todas as medidas são aproximadas e podem variar conforme a produção.",,,taxable,,1,,,0,0,300,19,16,7,1,,,,Colares,,,"https://stovi.com.br/wp-content/uploads/2023/07/COLAR-GOTA-7X10-LILAS-45CM-1.webp, https://stovi.com.br/wp-content/uploads/2023/07/COLAR-GOTA-7X10-RUBI-45CM.webp, https://stovi.com.br/wp-content/uploads/2023/07/COLAR-GOTA-7X10-RUBI-45CM1.webp, https://stovi.com.br/wp-content/uploads/2023/07/colar-gota-7x10-top195129zio-45cm.webp, https://stovi.com.br/wp-content/uploads/2023/07/colar-gota-7x10-top195129zio-45cm-2.webp, https://stovi.com.br/wp-content/uploads/2023/07/COLAR-GOTA-7X10-LILAS-45CM1.webp, https://stovi.com.br/wp-content/uploads/2023/07/COLAR-GOTA-7X10-LILAS-45CM.webp, https://stovi.com.br/wp-content/uploads/2023/05/tamanhos-correntes-1.webp",,,,,,,,,0,Cor,"Azul Topázio, Lilás, Rubi",1,1,,,no,,,,
2076,simple,COLV40003,"Colar Cruz Cravejada",1,0,visible,,"Material: Prata 925\nTipo de Pedra: Zircônia\nQuantidade média de pedras: 9\nTamanho do colar: 40CM\nCódigo: COLV40003\nObservação: Em decorrência de cada monitor, a cor da pedra pode variar sutilmente da foto do site. Todas as medidas são aproximadas e podem variar conforme a produção.",,,taxable,,1,1,,0,0,300,19,16,7,1,,,98,Colares,,,"https://stovi.com.br/wp-content/uploads/2023/07/colar-cruz-cravejada-40cm.webp, https://stovi.com.br/wp-content/uploads/2023/07/colar-cruz-cravejada-40cm-2.webp, https://stovi.com.br/wp-content/uploads/2023/05/tamanhos-correntes-1.webp",,,,,,,,,0,,,,,,,no,yes,yes,,product
2077,simple,COLV45020,"Colar Retangular Azul Royal",1,0,visible,,"Material: Prata 925\nTipo de Pedra: Zircônia\nQuantidade média de pedras: 1\nTamanho do colar: 45CM\nCódigo: COLV45020\nObservação: Em decorrência de cada monitor, a cor da pedra pode variar sutilmente da foto do site. Todas as medidas são aproximadas e podem variar conforme a produção.",,,taxable,,1,1,,0,0,300,19,16,7,1,,,98,"Colares, Minimalista",,,"https://stovi.com.br/wp-content/uploads/2023/07/COLAR-RETANGULO-AZUL-ROYAL-45CM1.webp, https://stovi.com.br/wp-content/uploads/2023/07/COLAR-RETANGULO-AZUL-ROYAL-45CM.webp, https://stovi.com.br/wp-content/uploads/2023/05/tamanhos-correntes-1.webp",,,,,,,,,0,,,,,,,no,yes,yes,,product
2078,simple,COLV45009,"Colar Pingente Círculos Coloridos",1,0,visible,,"Material: Prata 925\nTipo de Pedra: Zircônia\nQuantidade média de pedras: 90\nTamanho do colar: 45CM\nCódigo: COLV45009\nObservação: Em decorrência de cada monitor, a cor da pedra pode variar sutilmente da foto do site. Todas as medidas são aproximadas e podem variar conforme a produção.",,,taxable,,1,1,,0,0,300,19,16,7,1,,,180,Colares,,,"https://stovi.com.br/wp-content/uploads/2023/07/COLAR-PINGENTES-CIRCULOS-COLORIDOS-45CM.webp, https://stovi.com.br/wp-content/uploads/2023/07/COLAR-PINGENTES-CIRCULOS-COLORIDOS-45CM1.webp, https://stovi.com.br/wp-content/uploads/2023/05/tamanhos-correntes-1.webp",,,,,,,,,0,,,,,,,no,yes,yes,,product
2079,variable,,"Colar Oval Cravejado Cores",1,0,visible,,"Material: Prata 925\nTipo de Pedra: Zircônia\nQuantidade média de pedras: 11\nTamanho dos colares: 45CM\nObservação: Em decorrência de cada monitor, a cor da pedra pode variar sutilmente da foto do site. Todas as medidas são aproximadas e podem variar conforme a produção.",,,taxable,,1,,,0,0,300,19,16,7,1,,,,Colares,,,"https://stovi.com.br/wp-content/uploads/2023/07/COLAR-OVAL-CRAVEJADO-LILAS-E-VERDE-45CM-1.webp, https://stovi.com.br/wp-content/uploads/2023/07/COLAR-OVAL-CRAVEJADO-LILAS-E-ROSA-45CM1.webp, https://stovi.com.br/wp-content/uploads/2023/07/COLAR-OVAL-CRAVEJADO-LILAS-E-ROSA-45CM.webp, https://stovi.com.br/wp-content/uploads/2023/07/COLAR-OVAL-CRAVEJADO-LILAS-E-VERDE-45CM.webp, https://stovi.com.br/wp-content/uploads/2023/07/COLAR-OVAL-CRAVEJADO-LILAS-E-VERDE-45CM1.webp, https://stovi.com.br/wp-content/uploads/2023/05/tamanhos-correntes-1.webp",,,,,,,,,0,Cor,"Lilás e Rosa, Lilás e Verde",1,1,,,no,,,,
2080,variation,COLV45013,"Colar Oval Cravejado Cores - Lilás e Rosa",1,0,visible,,,,,taxable,parent,1,1,,0,0,,,,,0,,,130,,,,https://stovi.com.br/wp-content/uploads/2023/07/COLAR-OVAL-CRAVEJADO-LILAS-E-ROSA-45CM1.webp,,,id:2079,,,,,,1,Cor,"Lilás e Rosa",,1,,,,,,,
2081,variation,COLV45005,"Colar Oval Cravejado Cores - Lilás e Verde",1,0,visible,,,,,taxable,parent,1,1,,0,0,,,,,0,,,130,,,,https://stovi.com.br/wp-content/uploads/2023/07/COLAR-OVAL-CRAVEJADO-LILAS-E-VERDE-45CM.webp,,,id:2079,,,,,,2,Cor,"Lilás e Verde",,1,,,,,,,
2085,variation,COLV45018,"Colar Gota Caixa - Azul Topázio",1,0,visible,,,,,taxable,parent,1,1,,0,0,,,,,0,,,120,,,,https://stovi.com.br/wp-content/uploads/2023/07/colar-gota-7x10-top195129zio-45cm.webp,,,id:2075,,,,,,1,Cor,"Azul Topázio",,1,,,,,,,
2086,variation,COLV45017,"Colar Gota Caixa - Lilás",1,0,visible,,,,,taxable,parent,1,2,,0,0,,,,,0,,,120,,,,https://stovi.com.br/wp-content/uploads/2023/07/COLAR-GOTA-7X10-LILAS-45CM1.webp,,,id:2075,,,,,,2,Cor,Lilás,,1,,,,,,,
2087,variation,COLV45016,"Colar Gota Caixa - Rubi",1,0,visible,,,,,taxable,parent,1,1,,0,0,,,,,0,,,120,,,,https://stovi.com.br/wp-content/uploads/2023/07/COLAR-GOTA-7X10-RUBI-45CM.webp,,,id:2075,,,,,,3,Cor,Rubi,,1,,,,,,,
2088,simple,COLV40005,"Colar Libélula Liso",1,0,visible,,"Material: Prata 925\nTamanho do colar: 40CM\nCódigo: COLV40005\nObservação: Em decorrência de cada monitor, a cor da pedra pode variar sutilmente da foto do site. Todas as medidas são aproximadas e podem variar conforme a produção.",,,taxable,,1,1,,0,0,300,19,16,7,1,,,90,Colares,,,"https://stovi.com.br/wp-content/uploads/2023/07/COLAR-LIBELULA-LISO-40CM1.webp, https://stovi.com.br/wp-content/uploads/2023/07/COLAR-LIBELULA-LISO-40CM.webp, https://stovi.com.br/wp-content/uploads/2023/05/tamanhos-correntes-1.webp",,,,,,,,,0,,,,,,,no,yes,yes,,product
2089,variable,,"Colar Dois Passaros",1,0,visible,,"Material: Prata 925\nTipo de Pedra: Zircônia\nQuantidade média de pedras: 34\nTamanho dos colares: 45CM\nObservação: Em decorrência de cada monitor, a cor da pedra pode variar sutilmente da foto do site. Todas as medidas são aproximadas e podem variar conforme a produção.",,,taxable,,1,,,0,0,300,19,16,7,1,,,,Colares,,,"https://stovi.com.br/wp-content/uploads/2023/07/COLAR-DOIS-PASSAROS-AZUL-E-ROSA-45CM-1.webp, https://stovi.com.br/wp-content/uploads/2023/07/COLAR-DOIS-PASSAROS-AZUL-E-ROSA-45CM1.webp, https://stovi.com.br/wp-content/uploads/2023/07/COLAR-DOIS-PASSAROS-AZUL-E-ROSA-45CM.webp, https://stovi.com.br/wp-content/uploads/2023/07/COLAR-DOIS-PASSAROS-CRISTAL-45CM1.webp, https://stovi.com.br/wp-content/uploads/2023/07/COLAR-DOIS-PASSAROS-CRISTAL-45CM.webp, https://stovi.com.br/wp-content/uploads/2023/05/tamanhos-correntes-1.webp",,,,,,,,,0,Cor,"Azul e Rosa, Cristal",1,1,,,,,,,
2090,variation,COLV45011,"Colar Dois Passaros - Azul e Rosa",1,0,visible,,,,,taxable,parent,1,1,,0,0,,,,,0,,,130,,,,https://stovi.com.br/wp-content/uploads/2023/07/COLAR-DOIS-PASSAROS-AZUL-E-ROSA-45CM1.webp,,,id:2089,,,,,,1,Cor,"Azul e Rosa",,1,,,,,,,
2091,variation,COLV45012,"Colar Dois Passaros - Cristal",1,0,visible,,,,,taxable,parent,1,1,,0,0,,,,,0,,,130,,,,https://stovi.com.br/wp-content/uploads/2023/07/COLAR-DOIS-PASSAROS-CRISTAL-45CM1.webp,,,id:2089,,,,,,2,Cor,Cristal,,1,,,,,,,
2093,simple,COLV45008,"Colar Coração Vazado Zircônia Coloridas",1,0,visible,,"Material: Prata 925\nTipo de Pedra: Zircônia\nQuantidade média de pedras: 13\nTamanho do colar: 45CM\nCódigo: COLV45008\nObservação: Em decorrência de cada monitor, a cor da pedra pode variar sutilmente da foto do site. Todas as medidas são aproximadas e podem variar conforme a produção.",,,taxable,,1,1,,0,0,300,19,16,7,1,,,180,Colares,,,"https://stovi.com.br/wp-content/uploads/2023/07/COLAR-CORACAO-VAZADO-ZIRCONIAS-COLORIDAS-45CM.webp, https://stovi.com.br/wp-content/uploads/2023/07/COLAR-CORACAO-VAZADO-ZIRCONIAS-COLORIDAS-45CM1.webp, https://stovi.com.br/wp-content/uploads/2023/05/tamanhos-correntes-1.webp",,,,,,,,,0,,,,,,,no,yes,yes,,product
2094,simple,COLV45004,"Colar Coração Vazado Liso",1,0,visible,,"Material: Prata 925\nTamanho do colar: 45CM\nCódigo: COLV45004\nObservação: Em decorrência de cada monitor, a cor da pedra pode variar sutilmente da foto do site. Todas as medidas são aproximadas e podem variar conforme a produção.",,,taxable,,1,2,,0,0,300,19,16,7,1,,,130,"Colares, Minimalista",,,"https://stovi.com.br/wp-content/uploads/2023/07/COLAR-CORACAO-VAZADO-LISO-45CM1.webp, https://stovi.com.br/wp-content/uploads/2023/07/COLAR-CORACAO-VAZADO-LISO-45CM.webp, https://stovi.com.br/wp-content/uploads/2023/05/tamanhos-correntes-1.webp",,,,,,,,,0,,,,,,,no,yes,yes,,product
2095,simple,COLV45015,"Colar Coração Rosa Cravejado Patuá",1,0,visible,,"Material: Prata 925\nTipo de Pedra: Zircônia\nQuantidade média de pedras: 41\nTamanho do colar: 45CM\nCódigo: COLV45006\nObservação: Em decorrência de cada monitor, a cor da pedra pode variar sutilmente da foto do site. Todas as medidas são aproximadas e podem variar conforme a produção.",,,taxable,,1,1,,0,0,300,19,16,7,1,,,150,Colares,,,"https://stovi.com.br/wp-content/uploads/2023/07/COLAR-CORACAO-ROSA-PATUA-45-CM.webp, https://stovi.com.br/wp-content/uploads/2023/07/COLAR-CORACAO-ROSA-PATUA-45-CM1.webp, https://stovi.com.br/wp-content/uploads/2023/05/tamanhos-correntes-1.webp",,,,,,,,,0,,,,,,,no,yes,yes,,product
2097,simple,COLV45019,"Colar Coração Princesa Rubi",1,0,visible,,"Material: Prata 925\nTipo de Pedra: Zircônia\nQuantidade média de pedras: 9\nTamanho do colar: 45CM\nCódigo: COLV45019\nObservação: Em decorrência de cada monitor, a cor da pedra pode variar sutilmente da foto do site. Todas as medidas são aproximadas e podem variar conforme a produção.",,,taxable,,1,1,,0,0,300,19,16,7,1,,,145,Colares,,,"https://stovi.com.br/wp-content/uploads/2023/07/COLAR-CORACAO-PRINCESA-RUBI-45CM1.webp, https://stovi.com.br/wp-content/uploads/2023/07/COLAR-CORACAO-PRINCESA-RUBI-45CM.webp, https://stovi.com.br/wp-content/uploads/2023/05/tamanhos-correntes-1.webp",,,,,,,,,0,,,,,,,no,yes,yes,,product
2098,variable,,"Colar Coração Caixa Cravejado",1,0,visible,,"Material: Prata 925\nTipo de Pedra: Zircônia\nQuantidade média de pedras: 16\nTamanho dos colares: 45CM\nObservação: Em decorrência de cada monitor, a cor da pedra pode variar sutilmente da foto do site. Todas as medidas são aproximadas e podem variar conforme a produção.",,,taxable,,1,,,0,0,300,19,16,7,1,,,,Colares,,,"https://stovi.com.br/wp-content/uploads/2023/07/COLAR-CORACAO-CRAVEJADO-ROSA-45CM-1.webp, https://stovi.com.br/wp-content/uploads/2023/07/COLAR-CORACAO-CRAVEJADO-VERDE-AGUA-45CM.webp, https://stovi.com.br/wp-content/uploads/2023/07/COLAR-CORACAO-CRAVEJADO-ROSA-45CM.webp, https://stovi.com.br/wp-content/uploads/2023/07/COLAR-CORACAO-CRAVEJADO-VERDE-AGUA-45CM-2-1.webp, https://stovi.com.br/wp-content/uploads/2023/07/COLAR-CORACAO-CRAVEJADO-ROSA-45CM-2.webp, https://stovi.com.br/wp-content/uploads/2023/05/tamanhos-correntes-1.webp",,,,,,,,,0,Cor,"Rosa, Verde Água",1,1,,,no,,,,
2099,variation,COLV45006,"Colar Coração Caixa Cravejado - Rosa",1,0,visible,,,,,taxable,parent,1,1,,0,0,,,,,0,,,150,,,,https://stovi.com.br/wp-content/uploads/2023/07/COLAR-CORACAO-CRAVEJADO-ROSA-45CM.webp,,,id:2098,,,,,,2,Cor,Rosa,,1,,,,,,,
2100,variation,COLV45007,"Colar Coração Caixa Cravejado - Verde Água",1,0,visible,,,,,taxable,parent,1,1,,0,0,,,,,0,,,150,,,,https://stovi.com.br/wp-content/uploads/2023/07/COLAR-CORACAO-CRAVEJADO-VERDE-AGUA-45CM.webp,,,id:2098,,,,,,1,Cor,"Verde Água",,1,,,,,,,
2101,simple,COLV45014,"Colar Chave e Cadiado Cravejados",1,0,visible,,"Material: Prata 925\nTipo de Pedra: Zircônia\nQuantidade média de pedras: 23\nTamanho do colar: 45CM\nCódigo: COLV45014\nObservação: Em decorrência de cada monitor, a cor da pedra pode variar sutilmente da foto do site. Todas as medidas são aproximadas e podem variar conforme a produção.",,,taxable,,1,1,,0,0,300,19,16,7,1,,,170,Colares,,,"https://stovi.com.br/wp-content/uploads/2023/07/COLAR-CHAVE-CADEADO-CRAVEJADOS-45CM.webp, https://stovi.com.br/wp-content/uploads/2023/07/COLAR-CHAVE-CADEADO-CRAVEJADOS-45CM-2.webp, https://stovi.com.br/wp-content/uploads/2023/05/tamanhos-correntes-1.webp",,,,,,,,,0,,,,,,,no,yes,yes,,product
2103,simple,BRCV00006,"Brinco Raminho Cravejado",1,0,visible,,"Material: Prata 925\nTipo de Pedra: Zircônia\nQuantidade média de pedras: 34\nCódigo: BRCV00006\nObservação: Em decorrência de cada monitor, a cor da pedra pode variar sutilmente da foto do site. Todas as medidas são aproximadas e podem variar conforme a produção.",,,taxable,,1,1,,0,0,,,,,1,,,70,"Brincos, Minimalista",,,"https://stovi.com.br/wp-content/uploads/2023/07/BRINCO-RAMINHO-CRAVEJADO.webp, https://stovi.com.br/wp-content/uploads/2023/07/BRINCO-RAMINHO-CRAVEJADO-2.webp",,,,,,,,,0,,,,,,,no,yes,yes,,product
2104,simple,BRCV00007,"Brinco Oval Cristal Cravejado",1,0,visible,,"Material: Prata 925\nTipo de Pedra: Zircônia\nQuantidade média de pedras: 30\nCódigo: BRCV00007\nObservação: Em decorrência de cada monitor, a cor da pedra pode variar sutilmente da foto do site. Todas as medidas são aproximadas e podem variar conforme a produção.",,,taxable,,1,1,,0,0,300,19,16,7,1,,,65,"Brincos, Minimalista",,,"https://stovi.com.br/wp-content/uploads/2023/07/BRINCO-OVAL-CRISTAL-CRAVEJADO.webp, https://stovi.com.br/wp-content/uploads/2023/07/BRINCO-OVAL-CRISTAL-CRAVEJADO-2.webp",,,,,,,,,0,,,,,,,no,yes,yes,,product
2105,simple,BRCV00008,"Brinco Lua Cravejada",1,0,visible,,"Material: Prata 925\nTipo de Pedra: Zircônia\nQuantidade média de pedras: 16\nCódigo: BRCV00008\nObservação: Em decorrência de cada monitor, a cor da pedra pode variar sutilmente da foto do site. Todas as medidas são aproximadas e podem variar conforme a produção.",,,taxable,,1,1,,0,0,300,19,16,7,1,,,58,Brincos,,,"https://stovi.com.br/wp-content/uploads/2023/07/BRINCO-LUA-PEQ-CRAVEJADA-1.webp, https://stovi.com.br/wp-content/uploads/2023/07/BRINCO-LUA-PEQ-CRAVEJADA-2.webp",,,,,,,,,0,,,,,,,no,yes,yes,,product
2106,simple,BRCV00009,"Brinco Cadeado Coração e Chave Cravejada",1,0,visible,,"Material: Prata 925\nTipo de Pedra: Zircônia\nQuantidade média de pedras: 1\nCódigo: BRCV00009\nObservação: Em decorrência de cada monitor, a cor da pedra pode variar sutilmente da foto do site. Todas as medidas são aproximadas e podem variar conforme a produção.",,,taxable,,1,1,,0,0,300,19,16,7,1,,,50,Brincos,,,"https://stovi.com.br/wp-content/uploads/2023/07/BRINCO-CADEADO-E-CHAVE-CRAVEJADA-1.webp, https://stovi.com.br/wp-content/uploads/2023/07/BRINCO-CADEADO-E-CHAVE-CRAVEJADA-2.webp",,,,,,,,,0,,,,,,,no,yes,yes,,product
2108,simple,BRAC00002,"Bracelete Fio Liso",1,0,visible,,"Material: Prata 925\nCódigo: BRAC00002\nObservação: Em decorrência de cada monitor, a cor da pedra pode variar sutilmente da foto do site. Todas as medidas são aproximadas e podem variar conforme a produção.",,,taxable,,1,1,,0,0,300,19,16,7,1,,,70,"Minimalista, Pulseiras",,,"https://stovi.com.br/wp-content/uploads/2023/07/BRACELETE-FIO-LISO-23-GR.webp, https://stovi.com.br/wp-content/uploads/2023/07/BRACELETE-FIO-LISO-23-GR-2.webp",,,,,,,,,0,,,,,,,no,yes,yes,,product
2125,simple,PULS00002,"Pulseira Riviera Ajustável - Banho de Ródio",1,0,visible,,"Material: Prata 925\nTipo de Pedra: Zircônia\nQuantidade média de pedras: 53\nRódio: Sim\nCódigo: PULS00002\nObservação: Em decorrência de cada monitor, a cor da pedra pode variar sutilmente da foto do site. Todas as medidas são aproximadas e podem variar conforme a produção.",,,taxable,,1,1,,0,0,300,19,16,7,1,,,235,Pulseiras,,,"https://stovi.com.br/wp-content/uploads/2023/07/PULSEIRA-AZUL-MARINHO-RIVIERA1.webp, https://stovi.com.br/wp-content/uploads/2023/07/PULSEIRA-AZUL-MARINHO-RIVIERA.webp",,,,,,,,,0,,,,,,,no,yes,yes,,product
2126,simple,PULS00001,"Pulseira Fina Trabalhada",1,0,visible,,"Material: Prata 925\nCódigo: PULS00001\nObservação: Em decorrência de cada monitor, a cor da pedra pode variar sutilmente da foto do site. Todas as medidas são aproximadas e podem variar conforme a produção.",,,taxable,,1,1,,0,0,300,19,16,7,1,,,55,"Minimalista, Pulseiras",,,"https://stovi.com.br/wp-content/uploads/2023/07/PULSEIRA-FINA-TRABALHADA1.webp, https://stovi.com.br/wp-content/uploads/2023/07/PULSEIRA-FINA-TRABALHADA.webp",,,,,,,,,0,,,,,,,no,yes,yes,,product
2127,simple,TORN00002,"Tornozeleira Corações de Elo Português",1,0,visible,,"Material: Prata 925\nCódigo: TORN00002\nObservação: Em decorrência de cada monitor, a cor da pedra pode variar sutilmente da foto do site. Todas as medidas são aproximadas e podem variar conforme a produção.",,,taxable,,1,1,,0,0,300,19,16,7,1,,,100,Tornozeleiras,,,"https://stovi.com.br/wp-content/uploads/2023/07/Tornozeleira-Coracoes-de-Elo-Portugues.webp, https://stovi.com.br/wp-content/uploads/2023/07/Tornozeleira-Coracoes-de-Elo-Portugues1.webp",,,,,,,,,0,,,,,,,no,yes,yes,,product
2128,simple,TORN00003,"Tornozeleira Bolinhas com Olho Grego",1,0,visible,,"Material: Prata 925\nCódigo: CONJ00005\nObservação: Em decorrência de cada monitor, a cor da pedra pode variar sutilmente da foto do site. Todas as medidas são aproximadas e podem variar conforme a produção.",,,taxable,,1,1,,0,0,300,19,16,7,1,,,144,Tornozeleiras,,,"https://stovi.com.br/wp-content/uploads/2023/07/Tornozeleira-Olho-Grego-e-Bolinhas.webp, https://stovi.com.br/wp-content/uploads/2023/07/Tornozeleira-Olho-Grego-e-Bolinhas1.webp",,,,,,,,,0,,,,,,,no,yes,yes,,product
2129,simple,TORN00001,"Tornozeleira Pedra Azul de Elo Oval",1,0,visible,,"Material: Prata 925\nTipo de Pedra: Zircônia\nQuantidade de pedras: 1\nCódigo: TORN00001\nObservação: Em decorrência de cada monitor, a cor da pedra pode variar sutilmente da foto do site. Todas as medidas são aproximadas e podem variar conforme a produção.",,,taxable,,0,0,,0,0,300,19,16,7,1,,,80,Tornozeleiras,,,"https://stovi.com.br/wp-content/uploads/2023/07/Tornozeleira-Pedra-Azul-de-Elo-Oval1.webp, https://stovi.com.br/wp-content/uploads/2023/07/Tornozeleira-Pedra-Azul-de-Elo-Oval.webp",,,,,,,,,0,,,,,,,no,yes,yes,,product
